{"id": 59516, "summary": "Trial Contest Innopolis Open in Mathematics,\nGrade 9 (\u041f\u0440\u043e\u0431\u043d\u044b\u0439 \u0442\u0443\u0440 Innopolis Open \u043f\u043e \u043c\u0430\u0442\u0435\u043c\u0430\u0442\u0438\u043a\u0435, 9 \u043a\u043b\u0430\u0441\u0441)", "target_audience": "", "requirements": "", "description": "", "sections": [102817], "authors": [{"details": "", "first_name": "Innopolis Open", "last_name": "", "short_bio": "", "city": null}], "learners_count": 90, "is_popular": false, "title": "Innopolis Open in Mathematics (\u043f\u043e \u041c\u0430\u0442\u0435\u043c\u0430\u0442\u0438\u043a\u0435), Grade (\u041a\u043b\u0430\u0441\u0441) 9", "slug": "Innopolis-Open-in-Mathematics-(\u043f\u043e-\u041c\u0430\u0442\u0435\u043c\u0430\u0442\u0438\u043a\u0435)-Grade-(\u041a\u043b\u0430\u0441\u0441)-9-59516", "titles": [" Trial Contest(\u041f\u0440\u043e\u0431\u043d\u044b\u0439 \u0442\u0443\u0440)", " Trial Contest(\u041f\u0440\u043e\u0431\u043d\u044b\u0439 \u0442\u0443\u0440)", "Option 9, Grade 9 (\u0412\u0430\u0440\u0438\u0430\u043d\u0442 9, 9 \u043a\u043b\u0430\u0441\u0441)"]}