{"id": 48228, "summary": "KWU KUMITE REFEREEING RULES. Course is for KWU judges and sportsmen", "target_audience": "KWU judges and sportsmen", "requirements": "", "description": "KWU KUMITE REFEREEING RULES. Course is for KWU judges and sportsmen. There are rules, questions and some video demonstrating rules", "sections": [68891, 68892], "authors": [{"details": "\u0442\u0440\u0435\u043d\u0435\u0440, \u043f\u0440\u0435\u043f\u043e\u0434\u0430\u0432\u0430\u0442\u0435\u043b\u044c", "first_name": "\u0414\u043c\u0438\u0442\u0440\u0438\u0439", "last_name": "\u0421\u0430\u0432\u0435\u043b\u044c\u0435\u0432", "short_bio": "", "city": 498817}], "learners_count": 94, "is_popular": true, "title": "KWU KUMITE REFEREEING RULES", "slug": "KWU-KUMITE-REFEREEING-RULES-48228", "titles": ["KWU KUMITE REFEREEING RULES", "KUMITE COMPETITION AREA", "KUMITE COMPETITION AREA EQUIPMENT", "OFFICIAL DRESS AND COMPETITORS\u2019 HYGIENE", "ORGANISATION OF KUMITE COMPETITIONS", "POWERS AND DUTIES", "DURATION OF BOUT", "PROHIBITED BEHAVIOR ", "WARNINGS & PENALTIES", "ALLOWED TECHNIQUES", "SCORING", "DEFAULT AND WITHDRAW", "INJURIES AND ACCIDENTS IN COMPETITION", "CRITERIA FOR DECISION", "TAMESHIWARI", "OFFICIAL PROTEST", "STARTING, SUSPENDING AND ENDING OF MATCHES", "KWU JUDGES MOVEMENTS AND SIGNALS GUIDELINES", "CHANGES OF KWU KUMITE REFEREEING RULES (2018)", "TEST 1", "TEST 2", "TEST 3", "Video of fights as an example for judges", "All-Russian qualifying\u00a0\ufefftournament 2018", "World Championship 2017"]}