{"id": 658, "summary": "\u0441\u043e\u0440\u0435\u0432\u043d\u043e\u0432\u0430\u043d\u0438\u044f \u043f\u043e \u043a\u043e\u043c\u043f\u044c\u044e\u0442\u0435\u0440\u043d\u043e\u0439 \u0431\u0435\u0437\u043e\u043f\u0430\u0441\u043d\u043e\u0441\u0442\u0438 \u043f\u043e \u043f\u0440\u0430\u0432\u0438\u043b\u0430\u043c jeopardy CTF", "target_audience": "\u043d\u0430\u0447\u0438\u043d\u0430\u044e\u0449\u0438\u0435-\u0441\u0440\u0435\u0434\u043d\u0438\u0435 \u0438\u0433\u0440\u043e\u043a\u0438 \u0432 CTF", "requirements": "", "description": "", "sections": [1609, 1615, 1627, 1628, 1648], "authors": [{"details": "", "first_name": "Arthur", "last_name": "Khanov", "short_bio": "", "city": null}], "learners_count": 318, "is_popular": true, "title": "SpisokCTF 2016", "slug": "SpisokCTF-2016-658", "titles": ["Reverse engineering", "FingerAuth", "Superman", "Garbage", "Crypto", "Crackit", "OnlineCal", "Forensic", "Morkovka mafia", "Spy-in-net", "Web", "PhotoCollage", "Pwn", "Ping"]}